id,prediction
thlp_0,A
thlp_1,A
thlp_2,A
thlp_3,A
thlp_4,A
thlp_5,A
thlp_6,A
thlp_7,A
thlp_8,A
thlp_9,A
thlp_10,A
thlp_11,A
thlp_12,A
thlp_13,A
thlp_14,A
thlp_15,A
thlp_16,A
thlp_17,A
thlp_18,A
thlp_19,A
thlp_20,A
thlp_21,A
thlp_22,A
thlp_23,A
thlp_24,A
thlp_25,A
thlp_26,A
thlp_27,A
thlp_28,A
thlp_29,A
thlp_30,A
thlp_31,A
thlp_32,A
thlp_33,A
thlp_34,A
thlp_35,A
thlp_36,A
thlp_37,A
thlp_38,A
thlp_39,A
thlp_40,A
thlp_41,A
thlp_42,A
thlp_43,A
thlp_44,A
thlp_45,A
thlp_46,A
thlp_47,A
thlp_48,A
thlp_49,A
thlp_50,A
thlp_51,A
thlp_52,A
thlp_53,A
thlp_54,A
thlp_55,A
thlp_56,A
thlp_57,A
thlp_58,A
thlp_59,A
thlp_60,A
thlp_61,A
thlp_62,A
thlp_63,A
thlp_64,A
thlp_65,A
thlp_66,A
thlp_67,A
thlp_68,A
thlp_69,A
thlp_70,A
thlp_71,A
thlp_72,A
thlp_73,A
thlp_74,A
thlp_75,A
thlp_76,A
thlp_77,A
thlp_78,A
thlp_79,A
thlp_80,A
thlp_81,A
thlp_82,A
thlp_83,A
thlp_84,A
thlp_85,A
thlp_86,A
thlp_87,A
thlp_88,A
thlp_89,A
thlp_90,A
thlp_91,A
thlp_92,A
thlp_93,A
thlp_94,A
thlp_95,A
thlp_96,A
thlp_97,A
thlp_98,A
thlp_99,A
thlp_100,A
thlp_101,A
thlp_102,A
thlp_103,A
thlp_104,A
thlp_105,A
thlp_106,A
thlp_107,A
thlp_108,A
thlp_109,A
thlp_110,A
thlp_111,A
thlp_112,A
thlp_113,A
thlp_114,A
thlp_115,A
thlp_116,A
thlp_117,A
thlp_118,A
thlp_119,A
thlp_120,A
thlp_121,A
thlp_122,A
thlp_123,A
thlp_124,A
thlp_125,A
thlp_126,A
thlp_127,A
thlp_128,A
thlp_129,A
thlp_130,A
thlp_131,A
thlp_132,A
thlp_133,A
thlp_134,A
thlp_135,A
thlp_136,A
thlp_137,A
thlp_138,A
thlp_139,A
thlp_140,A
thlp_141,A
thlp_142,A
thlp_143,A
thlp_144,A
thlp_145,A
thlp_146,A
thlp_147,A
thlp_148,A
thlp_149,A
thlp_150,A
thlp_151,A
thlp_152,A
thlp_153,A
thlp_154,A
thlp_155,A
thlp_156,A
thlp_157,A
thlp_158,A
thlp_159,A
thlp_160,A
thlp_161,A
thlp_162,A
thlp_163,A
thlp_164,A
thlp_165,A
thlp_166,A
thlp_167,A
thlp_168,A
thlp_169,A
thlp_170,A
thlp_171,A
thlp_172,A
thlp_173,A
thlp_174,A
thlp_175,A
thlp_176,A
thlp_177,A
thlp_178,A
thlp_179,A
thlp_180,A
thlp_181,A
thlp_182,A
thlp_183,A
thlp_184,A
thlp_185,A
thlp_186,A
thlp_187,A
thlp_188,A
thlp_189,A
thlp_190,A
thlp_191,A
thlp_192,A
thlp_193,A
thlp_194,A
thlp_195,A
thlp_196,A
thlp_197,A
thlp_198,A
thlp_199,A
thlp_200,A
thlp_201,A
thlp_202,A
thlp_203,A
thlp_204,A
thlp_205,A
thlp_206,A
thlp_207,A
thlp_208,A
thlp_209,A
thlp_210,A
thlp_211,A
thlp_212,A
thlp_213,A
thlp_214,A
thlp_215,A
thlp_216,A
thlp_217,A
thlp_218,A
thlp_219,A
thlp_220,A
thlp_221,A
thlp_222,A
thlp_223,A
thlp_224,A
thlp_225,A
thlp_226,A
thlp_227,A
thlp_228,A
thlp_229,A
thlp_230,A
thlp_231,A
thlp_232,A
thlp_233,A
thlp_234,A
thlp_235,A
thlp_236,A
thlp_237,A
thlp_238,A
thlp_239,A
thlp_240,A
thlp_241,A
thlp_242,A
thlp_243,A
thlp_244,A
thlp_245,A
thlp_246,A
thlp_247,A
thlp_248,A
thlp_249,A
thlp_250,A
thlp_251,A
thlp_252,A
thlp_253,A
thlp_254,A
thlp_255,A
thlp_256,A
thlp_257,A
thlp_258,A
thlp_259,A
thlp_260,A
thlp_261,A
thlp_262,A
thlp_263,A
thlp_264,A
thlp_265,A
thlp_266,A
thlp_267,A
thlp_268,A
thlp_269,A
thlp_270,A
thlp_271,A
thlp_272,A
thlp_273,A
ttm_0,A
ttm_1,A
ttm_2,A
ttm_3,A
ttm_4,A
ttm_5,A
ttm_6,A
ttm_7,A
ttm_8,A
ttm_9,A
ttm_10,A
ttm_11,A
ttm_12,A
ttm_13,A
ttm_14,A
ttm_15,A
ttm_16,A
ttm_17,A
ttm_18,A
ttm_19,A
ttm_20,A
ttm_21,A
ttm_22,A
ttm_23,A
ttm_24,A
ttm_25,A
ttm_26,A
ttm_27,A
ttm_28,A
ttm_29,A
ttm_30,A
ttm_31,A
ttm_32,A
ttm_33,A
ttm_34,A
ttm_35,A
ttm_36,A
ttm_37,A
ttm_38,A
ttm_39,A
ttm_40,A
ttm_41,A
ttm_42,A
ttm_43,A
ttm_44,A
ttm_45,A
ttm_46,A
ttm_47,A
ttm_48,A
tagp_0,A
tagp_1,A
tagp_2,A
tagp_3,A
tagp_4,A
tagp_5,A
tagp_6,A
tagp_7,A
tagp_8,A
tagp_9,A
tagp_10,A
tagp_11,A
tagp_12,A
tagp_13,A
tagp_14,A
tagp_15,A
tagp_16,A
tagp_17,A
tagp_18,A
tagp_19,A
tagp_20,A
tagp_21,A
tagp_22,A
tagp_23,A
tagp_24,A
tagp_25,A
tagp_26,A
tagp_27,A
tagp_28,A
tagp_29,A
tagp_30,A
tagp_31,A
tagp_32,A
tagp_33,A
tagp_34,A
tagp_35,A
tagp_36,A
tagp_37,A
tagp_38,A
tagp_39,A
tagp_40,A
tagp_41,A
tagp_42,A
tagp_43,A
tagp_44,A
tagp_45,A
tagp_46,A
tagp_47,A
tagp_48,A
tagp_49,A
tagp_50,A
tagp_51,A
tagp_52,A
tagp_53,A
tagp_54,A
tagp_55,A
tagp_56,A
tagp_57,A
tagp_58,A
tagp_59,A
tagp_60,A
tagp_61,A
tagp_62,A
tagp_63,A
tagp_64,A
tagp_65,A
tagp_66,A
tagp_67,A
tagp_68,A
tagp_69,A
tagp_70,A
tagp_71,A
tagp_72,A
tagp_73,A
tagp_74,A
tagp_75,A
tagp_76,A
tagp_77,A
tagp_78,A
tagp_79,A
tagp_80,A
tagp_81,A
tagp_82,A
tagp_83,A
tagp_84,A
tagp_85,A
tagp_86,A
tagp_87,A
tagp_88,A
tagp_89,A
tagp_90,A
tagp_91,A
tagp_92,A
tagp_93,A
tagp_94,A
tagp_95,A
tagp_96,A
tagp_97,A
tagp_98,A
tagp_99,A
tagp_100,A
tagp_101,A
tagp_102,A
tagp_103,A
tagp_104,A
tagp_105,A
tagp_106,A
tagp_107,A
tagp_108,A
tagp_109,A
tagp_110,A
tagp_111,A
tagp_112,A
tagp_113,A
tagp_114,A
tagp_115,A
tagp_116,A
tagp_117,A
tagp_118,A
tagp_119,A
tagp_120,A
tagp_121,A
tagp_122,A
tagp_123,A
tagp_124,A
tagp_125,A
tagp_126,A
tagp_127,A
tagp_128,A
tagp_129,A
tagp_130,A
tagp_131,A
tagp_132,A
tagp_133,A
tagp_134,A
tagp_135,A
tagp_136,A
tagp_137,A
tagp_138,A
tagp_139,A
tagp_140,A
tagp_141,A
tagp_142,A
tagp_143,A
tagp_144,A
tagp_145,A
tagp_146,A
tagp_147,A
tagp_148,A
tagp_149,A
tagp_150,A
tagp_151,A
tagp_152,A
tagp_153,A
tagp_154,A
tagp_155,A
tagp_156,A
tagp_157,A
tagp_158,A
tagp_159,A
tagp_160,A
tagp_161,A
tagp_162,A
tagp_163,A
tagp_164,A
tagp_165,A
tagp_166,A
tagp_167,A
tagp_168,A
tagp_169,A
tagp_170,A
tagp_171,A
tagp_172,A
tagp_173,A
tagp_174,A
tagp_175,A
tagp_176,A
tagp_177,A
tagp_178,A
tagp_179,A
tagp_180,A
tagp_181,A
tagp_182,A
tagp_183,A
tagp_184,A
tagp_185,A
tagp_186,A
tagp_187,A
tagp_188,A
tagp_189,A
tagp_190,A
tagp_191,A
tagp_192,A
tagp_193,A
tagp_194,A
tagp_195,A
tagp_196,A
tagp_197,A
tagp_198,A
tagp_199,A
tagp_200,A
tagp_201,A
tagp_202,A
tagp_203,A
tagp_204,A
tagp_205,A
tagp_206,A
tagp_207,A
tagp_208,A
tagp_209,A
tagp_210,A
tagp_211,A
tagp_212,A
tagp_213,A
tagp_214,A
tagp_215,A
tagp_216,A
tagp_217,A
tagp_218,A
tagp_219,A
tagp_220,A
tagp_221,A
tagp_222,A
tagp_223,A
tagp_224,A
tagp_225,A
tagp_226,A
tagp_227,A
tagp_228,A
tagp_229,A
tagp_230,A
tagp_231,A
tagp_232,A
tagp_233,A
tagp_234,A
tagp_235,A
tagp_236,A
tagp_237,A
tagp_238,A
tagp_239,A
tagp_240,A
tagp_241,A
tagp_242,A
tagp_243,A
tagp_244,A
tagp_245,A
tagp_246,A
tagp_247,A
tagp_248,A
tagp_249,A
tagp_250,A
tagp_251,A
tagp_252,A
tagp_253,A
tagp_254,A
tagp_255,A
tagp_256,A
tagp_257,A
tagp_258,A
tagp_259,A
tagp_260,A
tagp_261,A
tagp_262,A
tagp_263,A
tagp_264,A
tagp_265,A
tagp_266,A
tagp_267,A
tagp_268,A
tagp_269,A
tagp_270,A
tagp_271,A
tagp_272,A
tagp_273,A
tagp_274,A
tagp_275,A
tagp_276,A
tagp_277,A
tagp_278,A
tagp_279,A
tagp_280,A
tagp_281,A
tagp_282,A
tagp_283,A
tagp_284,A
tagp_285,A
tagp_286,A
tagp_287,A
tagp_288,A
tagp_289,A
tagp_290,A
tagp_291,A
tagp_292,A
tagp_293,A
tagp_294,A
tagp_295,A
tagp_296,A
tagp_297,A
tagp_298,A
tagp_299,A
tagp_300,A
tagp_301,A
tagp_302,A
tagp_303,A
tagp_304,A
tagp_305,A
tagp_306,A
tagp_307,A
tagp_308,A
tagp_309,A
tagp_310,A
tagp_311,A
tagp_312,A
tagp_313,A
tagp_314,A
tagp_315,A
tagp_316,A
tagp_317,A
tagp_318,A
tagp_319,A
tagp_320,A
tagp_321,A
tagp_322,A
tagp_323,A
tagp_324,A
tagp_325,A
tagp_326,A
tagp_327,A
tagp_328,A
tagp_329,A
tagp_330,A
tagp_331,A
tagp_332,A
tagp_333,A
tagp_334,A
tagp_335,A
tagp_336,A
tagp_337,A
tagp_338,A
tagp_339,A
tagp_340,A
tagp_341,A
tagp_342,A
tagp_343,A
tagp_344,A
tagp_345,A
tagp_346,A
tagp_347,A
tagp_348,A
tagp_349,A
tagp_350,A
tagp_351,A
tagp_352,A
tagp_353,A
tagp_354,A
tagp_355,A
tagp_356,A
tagp_357,A
tagp_358,A
tagp_359,A
tagp_360,A
tagp_361,A
tagp_362,A
tagp_363,A
tagp_364,A
tagp_365,A
tagp_366,A
tagp_367,A
tagp_368,A
tagp_369,A
tagp_370,A
tagp_371,A
tagp_372,A
tagp_373,A
tagp_374,A
tagp_375,A
tagp_376,A
tagp_377,A
tagp_378,A
tagp_379,A
tagp_380,A
tagp_381,A
tagp_382,A
tagp_383,A
tagp_384,A
tagp_385,A
tagp_386,A
tagp_387,A
tagp_388,A
tagp_389,A
tagp_390,A
tagp_391,A
tagp_392,A
tagp_393,A
tagp_394,A
tagp_395,A
tagp_396,A
tagp_397,A
tagp_398,A
tagp_399,A
tagp_400,A
tagp_401,A
tagp_402,A
tagp_403,A
tagp_404,A
tagp_405,A
tagp_406,A
tagp_407,A
tagp_408,A
tagp_409,A
tagp_410,A
tagp_411,A
tagp_412,A
tagp_413,A
tagp_414,A
tagp_415,A
tagp_416,A
tagp_417,A
tagp_418,A
tagp_419,A
tagp_420,A
tagp_421,A
tagp_422,A
tagp_423,A
tagp_424,A
tagp_425,A
tagp_426,A
tagp_427,A
tagp_428,A
tagp_429,A
tagp_430,A
tagp_431,A
tagp_432,A
tagp_433,A
tagp_434,A
tagp_435,A
tagp_436,A
tagp_437,A
tagp_438,A
tagp_439,A
tagp_440,A
tagp_441,A
tagp_442,A
tagp_443,A
tagp_444,A
tagp_445,A
tagp_446,A
tagp_447,A
tagp_448,A
tagp_449,A
tagp_450,A
tagp_451,A
tagp_452,A
tagp_453,A
tagp_454,A
tagp_455,A
tagp_456,A
tagp_457,A
tagp_458,A
tagp_459,A
tagp_460,A
tagp_461,A
tagp_462,A
tagp_463,A
tagp_464,A
tagp_465,A
tagp_466,A
tagp_467,A
tagp_468,A
tagp_469,A
tagp_470,A
tagp_471,A
tagp_472,A
tagp_473,A
tagp_474,A
tagp_475,A
tagp_476,A
tagp_477,A
tagp_478,A
tagp_479,A
tagp_480,A
tagp_481,A
tagp_482,A
tagp_483,A
tagp_484,A
tagp_485,A
tagp_486,A
tagp_487,A
tagp_488,A
tagp_489,A
tagp_490,A
tagp_491,A
tagp_492,A
tagp_493,A
tagp_494,A
tagp_495,A
tagp_496,A
tagp_497,A
tagp_498,A
tagp_499,A
tagp_500,A
tagp_501,A
tagp_502,A
tagp_503,A
tagp_504,A
tagp_505,A
tagp_506,A
tagp_507,A
tagp_508,A
tagp_509,A
tagp_510,A
tagp_511,A
tagp_512,A
tagp_513,A
tagp_514,A
tagp_515,A
tagp_516,A
tagp_517,A
tagp_518,A
tagp_519,A
tagp_520,A
tagp_521,A
tagp_522,A
tagp_523,A
tagp_524,A
tagp_525,A
tagp_526,A
tagp_527,A
tagp_528,A
tagp_529,A
tagp_530,A
tagp_531,A
tagp_532,A
tagp_533,A
tagp_534,A
tagp_535,A
tagp_536,A
tagp_537,A
tagp_538,A
tagp_539,A
tagp_540,A
tagp_541,A
tagp_542,A
tagp_543,A
tagp_544,A
tagp_545,A
tagp_546,A
tagp_547,A
tagp_548,A
tagp_549,A
tagp_550,A
tagp_551,A
tagp_552,A
tagp_553,A
tagp_554,A
tagp_555,A
tagp_556,A
tagp_557,A
tagp_558,A
tagp_559,A
tagp_560,A
tagp_561,A
tagp_562,A
tagp_563,A
tagp_564,A
tagp_565,A
tagp_566,A
tagp_567,A
tagp_568,A
tagp_569,A
tagp_570,A
tagp_571,A
tagp_572,A
tagp_573,A
tagp_574,A
tagp_575,A
tagp_576,A
tagp_577,A
tagp_578,A
tagp_579,A
tagp_580,A
tagp_581,A
tagp_582,A
tagp_583,A
tagp_584,A
tagp_585,A
tagp_586,A
tagp_587,A
tagp_588,A
tagp_589,A
tagp_590,A
tagp_591,A
tagp_592,A
tagp_593,A
tagp_594,A
tagp_595,A
tagp_596,A
tagp_597,A
tagp_598,A
tagp_599,A
tagp_600,A
tagp_601,A
tagp_602,A
tagp_603,A
tagp_604,A
tagp_605,A
tagp_606,A
tagp_607,A
tagp_608,A
tagp_609,A
tagp_610,A
tagp_611,A
tagp_612,A
tagp_613,A
tagp_614,A
tagp_615,A
tagp_616,A
tagp_617,A
tagp_618,A
tagp_619,A
tagp_620,A
tagp_621,A
tagp_622,A
tagp_623,A
tagp_624,A
tagp_625,A
tagp_626,A
tagp_627,A
tagp_628,A
tagp_629,A
tagp_630,A
tagp_631,A
tagp_632,A
tagp_633,A
tagp_634,A
tagp_635,A
tagp_636,A
tagp_637,A
tagp_638,A
tagp_639,A
tagp_640,A
tagp_641,A
tagp_642,A
tagp_643,A
tagp_644,A
tagp_645,A
tagp_646,A
tagp_647,A
tagp_648,A
tagp_649,A
tagp_650,A
tagp_651,A
tagp_652,A
tagp_653,A
tagp_654,A
tagp_655,A
tagp_656,A
tagp_657,A
tagp_658,A
tagp_659,A
tagp_660,A
tagp_661,A
tagp_662,A
tagp_663,A
tagp_664,A
tagp_665,A
tagp_666,A
tagp_667,A
tagp_668,A
tagp_669,A
tagp_670,A
tagp_671,A
tagp_672,A
tagp_673,A
tagp_674,A
tagp_675,A
tagp_676,A
tagp_677,A
tagp_678,A
tagp_679,A
tagp_680,A
tagp_681,A
tagp_682,A
tagp_683,A
tagp_684,A
tagp_685,A
tagp_686,A
tagp_687,A
tagp_688,A
tagp_689,A
tagp_690,A
tagp_691,A
tagp_692,A
tagp_693,A
tagp_694,A
tagp_695,A
tagp_696,A
tagp_697,A
tagp_698,A
tagp_699,A
tagp_700,A
tagp_701,A
tagp_702,A
tagp_703,A
tagp_704,A
tagp_705,A
tagp_706,A
tagp_707,A
tagp_708,A
tagp_709,A
tagp_710,A
tagp_711,A
tagp_712,A
tagp_713,A
tagp_714,A
tagp_715,A
tagp_716,A
tagp_717,A
tagp_718,A
tagp_719,A
tagp_720,A
tagp_721,A
tagp_722,A
tagp_723,A
tagp_724,A
tagp_725,A
tagp_726,A
tagp_727,A
tagp_728,A
tagp_729,A
tagp_730,A
tagp_731,A
tagp_732,A
tagp_733,A
tagp_734,A
tagp_735,A
tagp_736,A
tagp_737,A
tagp_738,A
tagp_739,A
tagp_740,A
tagp_741,A
tagp_742,A
tagp_743,A
tagp_744,A
tagp_745,A
tagp_746,A
tagp_747,A
tagp_748,A
tagp_749,A
tagp_750,A
tagp_751,A
tagp_752,A
tagp_753,A
tagp_754,A
tagp_755,A
tagp_756,A
tagp_757,A
tagp_758,A
tagp_759,A
tagp_760,A
tagp_761,A
tagp_762,A
tagp_763,A
tagp_764,A
tagp_765,A
tagp_766,A
tagp_767,A
tagp_768,A
tagp_769,A
tagp_770,A
tagp_771,A
tagp_772,A
tagp_773,A
tagp_774,A
tagp_775,A
tagp_776,A
tagp_777,A
tagp_778,A
tagp_779,A
tagp_780,A
tagp_781,A
tagp_782,A
tagp_783,A
tagp_784,A
tagp_785,A
tagp_786,A
tagp_787,A
tagp_788,A
tagp_789,A
tagp_790,A
tagp_791,A
tagp_792,A
tagp_793,A
tagp_794,A
tagp_795,A
tagp_796,A
tagp_797,A
tagp_798,A
tagp_799,A
tagp_800,A
tagp_801,A
tagp_802,A
tagp_803,A
tagp_804,A
tagp_805,A
tagp_806,A
tagp_807,A
tagp_808,A
tagp_809,A
tagp_810,A
tagp_811,A
tagp_812,A
tagp_813,A
tagp_814,A
tagp_815,A
tagp_816,A
tagp_817,A
tagp_818,A
tagp_819,A
tagp_820,A
tagp_821,A
tagp_822,A
tagp_823,A
tagp_824,A
tagp_825,A
tagp_826,A
tagp_827,A
tagp_828,A
tagp_829,A
tagp_830,A
tagp_831,A
tagp_832,A
tagp_833,A
tagp_834,A
tagp_835,A
tagp_836,A
tagp_837,A
tagp_838,A
tagp_839,A
tagp_840,A
tagp_841,A
tagp_842,A
tagp_843,A
tagp_844,A
tagp_845,A
tagp_846,A
tagp_847,A
tagp_848,A
tagp_849,A
tagp_850,A
tefb_0,A
tefb_1,A
tefb_2,A
tefb_3,A
tefb_4,A
tefb_5,A
tefb_6,A
tefb_7,A
tefb_8,A
tefb_9,A
tefb_10,A
tefb_11,A
tefb_12,A
tefb_13,A
tefb_14,A
tefb_15,A
tefb_16,A
tefb_17,A
tefb_18,A
tefb_19,A
tefb_20,A
tefb_21,A
tefb_22,A
tefb_23,A
tefb_24,A
tefb_25,A
tefb_26,A
tefb_27,A
tefb_28,A
tefb_29,A
tefb_30,A
tefb_31,A
tefb_32,A
tefb_33,A
tefb_34,A
tefb_35,A
tefb_36,A
tefb_37,A
tefb_38,A
tefb_39,A
tefb_40,A
tefb_41,A
tefb_42,A
tefb_43,A
tefb_44,A
tefb_45,A
tefb_46,A
tefb_47,A
tefb_48,A
tefb_49,A
tefb_50,A
tefb_51,A
tefb_52,A
tefb_53,A
tefb_54,A
tefb_55,A
tefb_56,A
tefb_57,A
tefb_58,A
tefb_59,A
tefb_60,A
tefb_61,A
tefb_62,A
tefb_63,A
tefb_64,A
tefb_65,A
tefb_66,A
tefb_67,A
tefb_68,A
tefb_69,A
tefb_70,A
tefb_71,A
tefb_72,A
tefb_73,A
tefb_74,A
tefb_75,A
tefb_76,A
tefb_77,A
tefb_78,A
tefb_79,A
tefb_80,A
tefb_81,A
tefb_82,A
tefb_83,A
tefb_84,A
tefb_85,A
tefb_86,A
tefb_87,A
tefb_88,A
tefb_89,A
tefb_90,A
tefb_91,A
tefb_92,A
tefb_93,A
tefb_94,A
tefb_95,A
tefb_96,A
tefb_97,A
tefb_98,A
tefb_99,A
tefb_100,A
tefb_101,A
tefb_102,A
tefb_103,A
tefb_104,A
tefb_105,A
tefb_106,A
tefb_107,A
tefb_108,A
tefb_109,A
tefb_110,A
tefb_111,A
tefb_112,A
tefb_113,A
tefb_114,A
tefb_115,A
tefb_116,A
tefb_117,A
tefb_118,A
tefb_119,A
tefb_120,A
tefb_121,A
tefb_122,A
tefb_123,A
tefb_124,A
tefb_125,A
tefb_126,A
tefb_127,A
tefb_128,A
tefb_129,A
tefb_130,A
tefb_131,A
tefb_132,A
tefb_133,A
tefb_134,A
tefb_135,A
tefb_136,A
tefb_137,A
tefb_138,A
tefb_139,A
tefb_140,A
tefb_141,A
tefb_142,A
tefb_143,A
tefb_144,A
tefb_145,A
tefb_146,A
tefb_147,A
tefb_148,A
tefb_149,A
tefb_150,A
tefb_151,A
tefb_152,A
tefb_153,A
tefb_154,A
tefb_155,A
tefb_156,A
tefb_157,A
tefb_158,A
tefb_159,A
tefb_160,A
tefb_161,A
tefb_162,A
tefb_163,A
tefb_164,A
tefb_165,A
tefb_166,A
tefb_167,A
tefb_168,A
tefb_169,A
tefb_170,A
tefb_171,A
tefb_172,A
tefb_173,A
tefb_174,A
tefb_175,A
tefb_176,A
tefb_177,A
tefb_178,A
tefb_179,A
tefb_180,A
tefb_181,A
tefb_182,A
tefb_183,A
tefb_184,A
tefb_185,A
tefb_186,A
tefb_187,A
tefb_188,A
tefb_189,A
tefb_190,A
tefb_191,A
tefb_192,A
tefb_193,A
tefb_194,A
tefb_195,A
tefb_196,A
tefb_197,A
tefb_198,A
tefb_199,A
tefb_200,A
tefb_201,A
tefb_202,A
tefb_203,A
tefb_204,A
tefb_205,A
tefb_206,A
tefb_207,A
tefb_208,A
tefb_209,A
tefb_210,A
tefb_211,A
tefb_212,A
tefb_213,A
tefb_214,A
tefb_215,A
tefb_216,A
tefb_217,A
tefb_218,A
tefb_219,A
tefb_220,A
tefb_221,A
tefb_222,A
tefb_223,A
tefb_224,A
tefb_225,A
tefb_226,A
tefb_227,A
tefb_228,A
tefb_229,A
tefb_230,A
tefb_231,A
tefb_232,A
tefb_233,A
tefb_234,A
tefb_235,A
tefb_236,A
tefb_237,A
tefb_238,A
tefb_239,A
tefb_240,A
tefb_241,A
tefb_242,A
tefb_243,A
tefb_244,A
tefb_245,A
tefb_246,A
tefb_247,A
tefb_248,A
tefb_249,A
tefb_250,A
tefb_251,A
tefb_252,A
tefb_253,A
tefb_254,A
tefb_255,A
tefb_256,A
tefb_257,A
tefb_258,A
tefb_259,A
tefb_260,A
tefb_261,A
tefb_262,A
tefb_263,A
tefb_264,A
tefb_265,A
tefb_266,A
tefb_267,A
tefb_268,A
tefb_269,A
tefb_270,A
tefb_271,A
tefb_272,A
tefb_273,A
tefb_274,A
tefb_275,A
tefb_276,A
tefb_277,A
tefb_278,A
tefb_279,A
tefb_280,A
tefb_281,A
tefb_282,A
tefb_283,A
tefb_284,A
tefb_285,A
tefb_286,A
tefb_287,A
tefb_288,A
tefb_289,A
tefb_290,A
tefb_291,A
tefb_292,A
tefb_293,A
tefb_294,A
tefb_295,A
tefb_296,A
tefb_297,A
tefb_298,A
tefb_299,A
tefb_300,A
tefb_301,A
tefb_302,A
tefb_303,A
tefb_304,A
tefb_305,A
tefb_306,A
tefb_307,A
tefb_308,A
tefb_309,A
tefb_310,A
tefb_311,A
tefb_312,A
tefb_313,A
tefb_314,A
tefb_315,A
tefb_316,A
tefb_317,A
tefb_318,A
tefb_319,A
tefb_320,A
tefb_321,A
tefb_322,A
tefb_323,A
tefb_324,A
tefb_325,A
tefb_326,A
tefb_327,A
tefb_328,A
tefb_329,A
tefb_330,A
tefb_331,A
tefb_332,A
tefb_333,A
tefb_334,A
tefb_335,A
tefb_336,A
tefb_337,A
tefb_338,A
tefb_339,A
tefb_340,A
tefb_341,A
tefb_342,A
tefb_343,A
tefb_344,A
tefb_345,A
tefb_346,A
tefb_347,A
tefb_348,A
tefb_349,A
tefb_350,A
tefb_351,A
tefb_352,A
tefb_353,A
tefb_354,A
tefb_355,A
tefb_356,A
tefb_357,A
tefb_358,A
tefb_359,A
tefb_360,A
tefb_361,A
tefb_362,A
tefb_363,A
tefb_364,A
tefb_365,A
tefb_366,A
tefb_367,A
tefb_368,A
tefb_369,A
tefb_370,A
tefb_371,A
tefb_372,A
tefb_373,A
tefb_374,A
tefb_375,A
tefb_376,A
tefb_377,A
tefb_378,A
tefb_379,A
tefb_380,A
tefb_381,A
tefb_382,A
tefb_383,A
tefb_384,A
tefb_385,A
tefb_386,A
tefb_387,A
tefb_388,A
tefb_389,A
tefb_390,A
tefb_391,A
tefb_392,A
tefb_393,A
tefb_394,A
tefb_395,A
tefb_396,A
tefb_397,A
tefb_398,A
tefb_399,A
tefb_400,A
tefb_401,A
tefb_402,A
tefb_403,A
tefb_404,A
tefb_405,A
tefb_406,A
tefb_407,A
tefb_408,A
tefb_409,A
tefb_410,A
tefb_411,A
tefb_412,A
tefb_413,A
tefb_414,A
tefb_415,A
tefb_416,A
tefb_417,A
tefb_418,A
tefb_419,A
tefb_420,A
tefb_421,A
tefb_422,A
tefb_423,A
tefb_424,A
tefb_425,A
tefb_426,A
tefb_427,A
tefb_428,A
tefb_429,A
tefb_430,A
tefb_431,A
tefb_432,A
tefb_433,A
tefb_434,A
tefb_435,A
tefb_436,A
tefb_437,A
tefb_438,A
tefb_439,A
tefb_440,A
tefb_441,A
tefb_442,A
tefb_443,A
tefb_444,A
tefb_445,A
tefb_446,A
tefb_447,A
tefb_448,A
tefb_449,A
tefb_450,A
tefb_451,A
tefb_452,A
tefb_453,A
tefb_454,A
tefb_455,A
tefb_456,A
tefb_457,A
tefb_458,A
tefb_459,A
tefb_460,A
tefb_461,A
tefb_462,A
tefb_463,A
tefb_464,A
tefb_465,A
tefb_466,A
tefb_467,A
tefb_468,A
tefb_469,A
tefb_470,A
tefb_471,A
tefb_472,A
tefb_473,A
tefb_474,A
tefb_475,A
tefb_476,A
tefb_477,A
tefb_478,A
tefb_479,A
tefb_480,A
tefb_481,A
tefb_482,A
tefb_483,A
tefb_484,A
tefb_485,A
tefb_486,A
tefb_487,A
tefb_488,A
tefb_489,A
tefb_490,A
tefb_491,A
tefb_492,A
tefb_493,A
tefb_494,A
tefb_495,A
tefb_496,A
tefb_497,A
tefb_498,A
tefb_499,A
tefb_500,A
tefb_501,A
tefb_502,A
tefb_503,A
tefb_504,A
tefb_505,A
tefb_506,A
tefb_507,A
tefb_508,A
tefb_509,A
tefb_510,A
tefb_511,A
tefb_512,A
tefb_513,A
tefb_514,A
tefb_515,A
tefb_516,A
tefb_517,A
tefb_518,A
tefb_519,A
tefb_520,A
tefb_521,A
tefb_522,A
tefb_523,A
tefb_524,A
tefb_525,A
tefb_526,A
tefb_527,A
tefb_528,A
tefb_529,A
tefb_530,A
tefb_531,A
tefb_532,A
tefb_533,A
tefb_534,A
tefb_535,A
tefb_536,A
tefb_537,A
tefb_538,A
tefb_539,A
tefb_540,A
tefb_541,A
tefb_542,A
tefb_543,A
tefb_544,A
tefb_545,A
tefb_546,A
tefb_547,A
tefb_548,A
tefb_549,A
tefb_550,A
tefb_551,A
tefb_552,A
tefb_553,A
tefb_554,A
tefb_555,A
tefb_556,A
tefb_557,A
tefb_558,A
tefb_559,A
tefb_560,A
tefb_561,A
tefb_562,A
tefb_563,A
tefb_564,A
tefb_565,A
tefb_566,A
tefb_567,A
tefb_568,A
tefb_569,A
tefb_570,A
tefb_571,A
tefb_572,A
tefb_573,A
tefb_574,A
tefb_575,A
tefb_576,A
tefb_577,A
tefb_578,A
tefb_579,A
tefb_580,A
tefb_581,A
tefb_582,A
tefb_583,A
tefb_584,A
tefb_585,A
tefb_586,A
tefb_587,A
tefb_588,A
tefb_589,A
tefb_590,A
tefb_591,A
tefb_592,A
tefb_593,A
tefb_594,A
tefb_595,A
tefb_596,A
tefb_597,A
tefb_598,A
tefb_599,A
tefb_600,A
tefb_601,A
tefb_602,A
tefb_603,A
tefb_604,A
tefb_605,A
tefb_606,A
tefb_607,A
tefb_608,A
tefb_609,A
tefb_610,A
tefb_611,A
tefb_612,A
tefb_613,A
tefb_614,A
tefb_615,A
tefb_616,A
tefb_617,A
tefb_618,A
tefb_619,A
tefb_620,A
tefb_621,A
tefb_622,A
tefb_623,A
tefb_624,A
tefb_625,A
tefb_626,A
tefb_627,A
tefb_628,A
tefb_629,A
tefb_630,A
tefb_631,A
tefb_632,A
tefb_633,A
tefb_634,A
tefb_635,A
tefb_636,A
tefb_637,A
tefb_638,A
tefb_639,A
tefb_640,A
tefb_641,A
tefb_642,A
tefb_643,A
tefb_644,A
tefb_645,A
tefb_646,A
tefb_647,A
tefb_648,A
tefb_649,A
tefb_650,A
tefb_651,A
tefb_652,A
tefb_653,A
tefb_654,A
tefb_655,A
tefb_656,A
tefb_657,A
tefb_658,A
tefb_659,A
tefb_660,A
tefb_661,A
tefb_662,A
tefb_663,A
tefb_664,A
tefb_665,A
tefb_666,A
tefb_667,A
tefb_668,A
tefb_669,A
tefb_670,A
tefb_671,A
tefb_672,A
tefb_673,A
tefb_674,A
tefb_675,A
tefb_676,A
tefb_677,A
tefb_678,A
tefb_679,A
tefb_680,A
tefb_681,A
tefb_682,A
tefb_683,A
tefb_684,A
tefb_685,A
tefb_686,A
tefb_687,A
tefb_688,A
tefb_689,A
tefb_690,A
tefb_691,A
tefb_692,A
tefb_693,A
tefb_694,A
tefb_695,A
tefb_696,A
tefb_697,A
tefb_698,A
tefb_699,A
tefb_700,A
tefb_701,A
tefb_702,A
tefb_703,A
tefb_704,A
tefb_705,A
tefb_706,A
tefb_707,A
tefb_708,A
tefb_709,A
tefb_710,A
tefb_711,A
tefb_712,A
tefb_713,A
tefb_714,A
tefb_715,A
tefb_716,A
tefb_717,A
tefb_718,A
tefb_719,A
tefb_720,A
tefb_721,A
tefb_722,A
tefb_723,A
tefb_724,A
tefb_725,A
tefb_726,A
tefb_727,A
tefb_728,A
tefb_729,A
tefb_730,A
tefb_731,A
tefb_732,A
tefb_733,A
tefb_734,A
tefb_735,A
tefb_736,A
tefb_737,A
tefb_738,A
tefb_739,A
tefb_740,A
tefb_741,A
tefb_742,A
tefb_743,A
tefb_744,A
tefb_745,A
tefb_746,A
tefb_747,A
tefb_748,A
tefb_749,A
tefb_750,A
tefb_751,A
tefb_752,A
tefb_753,A
tefb_754,A
tefb_755,A
tefb_756,A
tefb_757,A
tefb_758,A
tefb_759,A
tefb_760,A
tefb_761,A
tefb_762,A
tefb_763,A
tefb_764,A
tefb_765,A
tefb_766,A
tefb_767,A
tefb_768,A
tefb_769,A
tefb_770,A
tefb_771,A
tefb_772,A
tefb_773,A
tefb_774,A
tefb_775,A
tefb_776,A
tefb_777,A
tefb_778,A
tefb_779,A
tefb_780,A
tefb_781,A
tefb_782,A
tefb_783,A
tefb_784,A
tefb_785,A
tefb_786,A
tefb_787,A
tefb_788,A
tefb_789,A
tefb_790,A
tefb_791,A
tefb_792,A
tefb_793,A
tefb_794,A
tefb_795,A
tefb_796,A
tefb_797,A
tefb_798,A
tefb_799,A
tefb_800,A
tefb_801,A
tefb_802,A
tefb_803,A
tefb_804,A
tefb_805,A
tefb_806,A
tefb_807,A
tefb_808,A
tefb_809,A
tefb_810,A
tefb_811,A
tefb_812,A
tefb_813,A
tefb_814,A
tefb_815,A
tefb_816,A
tefb_817,A
tefb_818,A
tefb_819,A
tefb_820,A
tefb_821,A
tefb_822,A
tefb_823,A
tefb_824,A
tefb_825,A
tefb_826,A
tefb_827,A
tefb_828,A
tefb_829,A
tefb_830,A
tefb_831,A
tefb_832,A
tefb_833,A
tefb_834,A
tefb_835,A
tefb_836,A
tefb_837,A
tefb_838,A
tefb_839,A
tefb_840,A
tefb_841,A
tefb_842,A
tefb_843,A
tefb_844,A
tefb_845,A
tefb_846,A
tefb_847,A
tefb_848,A
tefb_849,A
tefb_850,A
tefb_851,A
tefb_852,A
tefb_853,A
tefb_854,A
tefb_855,A
tefb_856,A
tefb_857,A
tefb_858,A
tefb_859,A
tefb_860,A
tefb_861,A
tefb_862,A
tefb_863,A
tefb_864,A
tefb_865,A
tefb_866,A
tefb_867,A
tefb_868,A
tefb_869,A
tefb_870,A
tefb_871,A
tefb_872,A
tefb_873,A
tefb_874,A
tefb_875,A
tefb_876,A
tefb_877,A
tefb_878,A
tefb_879,A
tefb_880,A
tefb_881,A
tefb_882,A
tefb_883,A
tefb_884,A
tefb_885,A
tefb_886,A
tefb_887,A
tefb_888,A
tefb_889,A
tefb_890,A
tefb_891,A
tefb_892,A
tefb_893,A
tefb_894,A
tefb_895,A
tefb_896,A
tefb_897,A
tefb_898,A
tefb_899,A
tefb_900,A
tefb_901,A
tefb_902,A
tefb_903,A
tefb_904,A
tefb_905,A
tefb_906,A
tefb_907,A
tefb_908,A
tefb_909,A
tefb_910,A
tefb_911,A
tefb_912,A
tefb_913,A
tefb_914,A
tefb_915,A
tefb_916,A
tefb_917,A
tefb_918,A
tefb_919,A
tefb_920,A
tefb_921,A
tefb_922,A
tefb_923,A
tefb_924,A
tefb_925,A
tefb_926,A
tefb_927,A
tefb_928,A
tefb_929,A
tefb_930,A
tefb_931,A
tefb_932,A
tefb_933,A
tefb_934,A
tefb_935,A
tefb_936,A
tefb_937,A
tefb_938,A
tefb_939,A
tefb_940,A
tefb_941,A
tefb_942,A
tefb_943,A
tefb_944,A
tefb_945,A
tefb_946,A
tefb_947,A
tefb_948,A
tefb_949,A
tefb_950,A
tefb_951,A
tefb_952,A
tefb_953,A
tefb_954,A
tefb_955,A
tefb_956,A
tefb_957,A
tefb_958,A
tefb_959,A
tefb_960,A
tefb_961,A
tefb_962,A
tefb_963,A
tefb_964,A
tefb_965,A
tefb_966,A
tefb_967,A
tefb_968,A
tefb_969,A
tefb_970,A
tefb_971,A
tefb_972,A
tefb_973,A
tefb_974,A
tefb_975,A
tefb_976,A
tefb_977,A
tefb_978,A
tefb_979,A
tefb_980,A
tefb_981,A
tefb_982,A
tefb_983,A
tefb_984,A
tefb_985,A
tefb_986,A
tefb_987,A
tefb_988,A
tefb_989,A
tefb_990,A
tefb_991,A
tefb_992,A
tefb_993,A
tefb_994,A
tefb_995,A
tefb_996,A
tefb_997,A
tefb_998,A
tefb_999,A
tefb_1000,A
tefb_1001,A
tefb_1002,A
tefb_1003,A
tefb_1004,A
tefb_1005,A
tefb_1006,A
tefb_1007,A
tefb_1008,A
tefb_1009,A
tefb_1010,A
tefb_1011,A
tefb_1012,A
tefb_1013,A
tefb_1014,A
tefb_1015,A
tefb_1016,A
tefb_1017,A
tefb_1018,A
tefb_1019,A
tefb_1020,A
tefb_1021,A
tefb_1022,A
tefb_1023,A
tefb_1024,A
tefb_1025,A
tefb_1026,A
tefb_1027,A
tefb_1028,A
tefb_1029,A
tefb_1030,A
tefb_1031,A
tefb_1032,A
tefb_1033,A
tefb_1034,A
tefb_1035,A
tefb_1036,A
tefb_1037,A
tefb_1038,A
tefb_1039,A
tefb_1040,A
tefb_1041,A
tefb_1042,A
tefb_1043,A
tefb_1044,A
tefb_1045,A
tefb_1046,A
tefb_1047,A
tefb_1048,A
tefb_1049,A
tefb_1050,A
tefb_1051,A
tefb_1052,A
tefb_1053,A
tefb_1054,A
tefb_1055,A
tefb_1056,A
tefb_1057,A
tefb_1058,A
tefb_1059,A
tefb_1060,A
tefb_1061,A
tefb_1062,A
tefb_1063,A
tefb_1064,A
tefb_1065,A
tefb_1066,A
tefb_1067,A
tefb_1068,A
tefb_1069,A
tefb_1070,A
tefb_1071,A
tefb_1072,A
tefb_1073,A
tefb_1074,A
tefb_1075,A
tefb_1076,A
tefb_1077,A
tefb_1078,A
tefb_1079,A
tefb_1080,A
tefb_1081,A
tefb_1082,A
tefb_1083,A
tefb_1084,A
tefb_1085,A
tefb_1086,A
tefb_1087,A
tefb_1088,A
tefb_1089,A
tefb_1090,A
tefb_1091,A
tefb_1092,A
tefb_1093,A
tefb_1094,A
tefb_1095,A
tefb_1096,A
tefb_1097,A
tefb_1098,A
tefb_1099,A
tefb_1100,A
tefb_1101,A
tefb_1102,A
tefb_1103,A
tefb_1104,A
tefb_1105,A
tefb_1106,A
tefb_1107,A
tefb_1108,A
tefb_1109,A
tefb_1110,A
tefb_1111,A
tefb_1112,A
tefb_1113,A
tefb_1114,A
tefb_1115,A
tefb_1116,A
tefb_1117,A
tefb_1118,A
tefb_1119,A
tefb_1120,A
tefb_1121,A
tefb_1122,A
tefb_1123,A
tefb_1124,A
tefb_1125,A
tefb_1126,A
tefb_1127,A
tefb_1128,A
tefb_1129,A
tefb_1130,A
tefb_1131,A
tefb_1132,A
tefb_1133,A
tefb_1134,A
tefb_1135,A
tefb_1136,A
tefb_1137,A
tefb_1138,A
tefb_1139,A
tefb_1140,A
tefb_1141,A
tefb_1142,A
tefb_1143,A
tefb_1144,A
tefb_1145,A
tefb_1146,A
tefb_1147,A
tefb_1148,A
tefb_1149,A
tefb_1150,A
tefb_1151,A
tefb_1152,A
tefb_1153,A
tefb_1154,A
tefb_1155,A
tefb_1156,A
tefb_1157,A
tefb_1158,A
tefb_1159,A
tefb_1160,A
tefb_1161,A
tefb_1162,A
tefb_1163,A
tefb_1164,A
tefb_1165,A
tefb_1166,A
tefb_1167,A
tefb_1168,A
tefb_1169,A
tefb_1170,A
tefb_1171,A
tefb_1172,A
tefb_1173,A
tefb_1174,A
tefb_1175,A
tefb_1176,A
tefb_1177,A
tefb_1178,A
tefb_1179,A
tefb_1180,A
tefb_1181,A
tefb_1182,A
tefb_1183,A
tefb_1184,A
tefb_1185,A
tefb_1186,A
tefb_1187,A
tefb_1188,A
tefb_1189,A
tefb_1190,A
tefb_1191,A
tefb_1192,A
tefb_1193,A
tefb_1194,A
tefb_1195,A
tefb_1196,A
tefb_1197,A
tefb_1198,A
tefb_1199,A
tefb_1200,A
tefb_1201,A
tefb_1202,A
tefb_1203,A
tefb_1204,A
tefb_1205,A
tefb_1206,A
tefb_1207,A
tefb_1208,A
tefb_1209,A
tefb_1210,A
tefb_1211,A
tefb_1212,A
tefb_1213,A
tefb_1214,A
tefb_1215,A
tefb_1216,A
tefb_1217,A
tefb_1218,A
tefb_1219,A
tefb_1220,A
tefb_1221,A
tefb_1222,A
tefb_1223,A
tefb_1224,A
tefb_1225,A
tefb_1226,A
tefb_1227,A
tefb_1228,A
tefb_1229,A
tefb_1230,A
tefb_1231,A
tefb_1232,A
tefb_1233,A
tefb_1234,A
tefb_1235,A
tefb_1236,A
tefb_1237,A
tefb_1238,A
tefb_1239,A
tefb_1240,A
tefb_1241,A
tefb_1242,A
tefb_1243,A
tefb_1244,A
tefb_1245,A
tefb_1246,A
tefb_1247,A
tefb_1248,A
tefb_1249,A
tefb_1250,A
tefb_1251,A
tefb_1252,A
tefb_1253,A
tefb_1254,A
tefb_1255,A
tefb_1256,A
tefb_1257,A
tefb_1258,A
tefb_1259,A
tefb_1260,A
tefb_1261,A
tefb_1262,A
tefb_1263,A
tefb_1264,A
tefb_1265,A
tefb_1266,A
tefb_1267,A
tefb_1268,A
tefb_1269,A
tefb_1270,A
tefb_1271,A
tefb_1272,A
tefb_1273,A
tefb_1274,A
tefb_1275,A
tefb_1276,A
tefb_1277,A
tefb_1278,A
tefb_1279,A
tefb_1280,A
tefb_1281,A
tefb_1282,A
tefb_1283,A
tefb_1284,A
tefb_1285,A
tefb_1286,A
tefb_1287,A
tefb_1288,A
tefb_1289,A
tefb_1290,A
tefb_1291,A
tefb_1292,A
tefb_1293,A
tefb_1294,A
tefb_1295,A
tefb_1296,A
tefb_1297,A
tefb_1298,A
tefb_1299,A
tefb_1300,A
tefb_1301,A
tefb_1302,A
tefb_1303,A
tefb_1304,A
tefb_1305,A
tefb_1306,A
tefb_1307,A
tefb_1308,A
tefb_1309,A
tefb_1310,A
tefb_1311,A
tefb_1312,A
tefb_1313,A
tefb_1314,A
tefb_1315,A
tefb_1316,A
tefb_1317,A
tefb_1318,A
tefb_1319,A
tefb_1320,A
tefb_1321,A
tefb_1322,A
tefb_1323,A
tefb_1324,A
tefb_1325,A
tefb_1326,A
tefb_1327,A
tefb_1328,A
tefb_1329,A
tefb_1330,A
tefb_1331,A
tefb_1332,A
tefb_1333,A
tefb_1334,A
tefb_1335,A
tefb_1336,A
tefb_1337,A
tefb_1338,A
tefb_1339,A
tefb_1340,A
tefb_1341,A
tefb_1342,A
tefb_1343,A
tefb_1344,A
tefb_1345,A
tefb_1346,A
tefb_1347,A
tefb_1348,A
tefb_1349,A
tefb_1350,A
tefb_1351,A
tefb_1352,A
tefb_1353,A
tefb_1354,A
tefb_1355,A
tefb_1356,A
tefb_1357,A
tefb_1358,A
tefb_1359,A
tefb_1360,A
tefb_1361,A
tefb_1362,A
tefb_1363,A
tefb_1364,A
tefb_1365,A
tefb_1366,A
tefb_1367,A
tefb_1368,A
tefb_1369,A
tefb_1370,A
tefb_1371,A
tefb_1372,A
tefb_1373,A
tefb_1374,A
tefb_1375,A
tefb_1376,A
tefb_1377,A
tefb_1378,A
tefb_1379,A
tefb_1380,A
tefb_1381,A
tefb_1382,A
tefb_1383,A
tefb_1384,A
tefb_1385,A
tefb_1386,A
tefb_1387,A
tefb_1388,A
tefb_1389,A
tefb_1390,A
tefb_1391,A
tefb_1392,A
tefb_1393,A
tefb_1394,A
tefb_1395,A
tefb_1396,A
tefb_1397,A
tefb_1398,A
tefb_1399,A
tefb_1400,A
tefb_1401,A
tefb_1402,A
tefb_1403,A
tefb_1404,A
tefb_1405,A
tefb_1406,A
tefb_1407,A
tefb_1408,A
tefb_1409,A
tefb_1410,A
tefb_1411,A
tefb_1412,A
tefb_1413,A
tefb_1414,A
tefb_1415,A
tefb_1416,A
tefb_1417,A
tefb_1418,A
tefb_1419,A
tefb_1420,A
tefb_1421,A
tefb_1422,A
tefb_1423,A
tefb_1424,A
tefb_1425,A
tefb_1426,A
tefb_1427,A
tefb_1428,A
tefb_1429,A
tefb_1430,A
tefb_1431,A
tefb_1432,A
tefb_1433,A
tefb_1434,A
tefb_1435,A
tefb_1436,A
tefb_1437,A
tefb_1438,A
tefb_1439,A
tefb_1440,A
tefb_1441,A
tefb_1442,A
tefb_1443,A
tefb_1444,A
tefb_1445,A
tefb_1446,A
tefb_1447,A
tefb_1448,A
tefb_1449,A
tefb_1450,A
tefb_1451,A
tefb_1452,A
tefb_1453,A
tefb_1454,A
tefb_1455,A
tefb_1456,A
tefb_1457,A
tefb_1458,A
tefb_1459,A
tefb_1460,A
tefb_1461,A
tefb_1462,A
tefb_1463,A
tefb_1464,A
tefb_1465,A
tefb_1466,A
tefb_1467,A
tefb_1468,A
tefb_1469,A
tefb_1470,A
tefb_1471,A
tefb_1472,A
tefb_1473,A
tefb_1474,A
tefb_1475,A
tefb_1476,A
tefb_1477,A
tefb_1478,A
tefb_1479,A
tefb_1480,A
tefb_1481,A
tefb_1482,A
tefb_1483,A
tefb_1484,A
tefb_1485,A
tefb_1486,A
tefb_1487,A
tefb_1488,A
tefb_1489,A
tefb_1490,A
tefb_1491,A
tefb_1492,A
tefb_1493,A
tefb_1494,A
tefb_1495,A
tefb_1496,A
tefb_1497,A
tefb_1498,A
tefb_1499,A
tefb_1500,A
tefb_1501,A
tefb_1502,A
tefb_1503,A
tefb_1504,A
tefb_1505,A
tefb_1506,A
tefb_1507,A
tefb_1508,A
tefb_1509,A
tefb_1510,A
tefb_1511,A
tscp_0,A
tscp_1,A
tscp_2,A
tscp_3,A
tscp_4,A
tscp_5,A
tscp_6,A
tscp_7,A
tscp_8,A
tscp_9,A
tscp_10,A
tscp_11,A
tscp_12,A
tscp_13,A
tscp_14,A
tscp_15,A
tscp_16,A
tscp_17,A
tscp_18,A
tscp_19,A
tscp_20,A
tscp_21,A
tscp_22,A
tscp_23,A
tscp_24,A
